\'09,\'10,\'11,\'12,\'13,\'14,\'15,\'16,\'17,\'18,\'19,\'20,\'21
Jeffrey W. Jones,Jeffrey W. Jones,Jeffrey W. Jones,Jeffrey W. Jones,D. Bruce Sewell,D. Bruce Sewell,D. Bruce Sewell,D. Bruce Sewell,D. Bruce Sewell,D. Bruce Sewell,D. Bruce Sewells,D. Bruce Sewell,D. Bruce Sewell
Joe R. Micheletto,John F. Sorte,John F. Sorte,John F. Sorte,John F. Sorte,John F. Sorte,John F. Sorte,John F. Sorte,John F. Sorte,John F. Sorte,John F. Sorte,John F. Sorte,John F. Sorte
John F. Sorte,John T. Redmond,John T. Redmond,John T. Redmond,John T. Redmond,John T. Redmond,John T. Redmond,John T. Redmond,John T. Redmond,John T. Redmond,John T. Redmond,John T. Redmond,John T. Redmond
John T. Redmond,Richard D. Kincaid,Richard D. Kincaid,Richard D. Kincaid,Richard D. Kincaid,Richard D. Kincaid,Richard D. Kincaid,Peter A. Vaughn,Peter A. Vaughn,Peter A. Vaughn,Peter A. Vaughn,Peter A. Vaughn,Peter A. Vaughn
Richard D. Kincaid,Robert A. Katz,Robert A. Katz,Robert A. Katz,Robert A. Katz,Robert A. Katz,Robert A. Katz,Robert A. Katz,Robert A. Katz,Robert A. Katz,Robert A. Katz,Robert A. Katz,Robert A. Katz
Robert A. Katz,Roland A. Hernandez,Roland A. Hernandez,Roland A. Hernandez,Roland A. Hernandez,Roland A. Hernandez,Roland A. Hernandez,Roland A. Hernandez,Roland A. Hernandez,Roland A. Hernandez,Roland A. Hernandez,Roland Hernandez,Roland Hernandez
Roland A. Hernandez,Thomas D. Hyde,Thomas D. Hyde,Thomas D. Hyde,Thomas D. Hyde,Peter A. Vaughn,Peter A. Vaughn,Michele Romanow,Michele Romanow,Michele Romanow,Michele Romanow,Michele Romanow,Michele Romanow
Thomas D. Hyde,William P. Stiritz,Hilary A. Schneider,Hilary A. Schneider,Hilary A. Schneider,Hilary A. Schneider,Hilary A. Schneider,Hilary A. Schneider,Hilary A. Schneider,Hilary A. Schneider,Hilary A. Schneider,Hilary A. Schneider,Hilary A. Schneider
William P. Stiritz,Hilary A. Schneider,,,Peter A. Vaughn,,,Susan L. Decker,Susan L. Decker,Susan L. Decker,Susan L. Decker,Susan L. Decker,Susan L. Decker
,,,,,,,,,,,Nadia Rawlinson,Nadia Rawlinson